


# 连接

[TOC]

-- 
包含第五章第一节和第十章的内容

> **需求:**
> 在第2章时, 生成了person 和 favorite_food表. 如果需要创建一个显示某个人姓名, 地址和所喜欢食物的报表, 就需要某种机制将这两张表中的数据再次整合到一起. 这种机制称为**连接**.

> [JOIN语法](https://dev.mysql.com/doc/refman/5.7/en/join.html)


## 连接表

> 获取每个职员的 `姓名` 和 `所在部门的名称`.

```c
mysql> select e.fname, d.name
    -> from employee e join department d; // 在from子句中有两个表(还起了别名), 使用 join 隔开
+----------+----------------+
| fname    | name           |
+----------+----------------+
| Michael  | Operations     |
| Michael  | Loans          |
| Michael  | Administration |
| Susan    | Operations     |
| Susan    | Loans          |
| Susan    | Administration |
| Robert   | Operations     |
| Robert   | Loans          |
| Robert   | Administration |
| Susan    | Operations     |
| Susan    | Loans          |
| Susan    | Administration |
| John     | Operations     |
| John     | Loans          |
| John     | Administration |
| ...	   | ...		    |
+----------+----------------+
54 rows in set (0.00 sec)

// 结果集中一共有54条数据, 省略了一部分, 以 ... 代替

mysql> 
```

<br>
**为什么会出现54条数据呢?**

* employee(职员表)中有18条数据
* department(部门表) 中有3条数据
*  18 × 3 = 54

仔细观察结果集, 发现每个职员都对应了三个部门, 而这实际中一般一个职员只对应一个部门, 输出的结果集并不符合我们的需求.

**原因**
这是由于查询并没有指定两个表**应如何连接**造成的. 在此情况下DBMS将产生笛卡尔积. 这种情况称为**交叉连接**(cross join). 实际情况应用的比较少.


-----

##指定连接条件

> `on` 子句指定连接条件

```c
mysql> select e.fname, e.lname, d.name
    -> from employee e join department d
    ->  on e.dept_id = d.dept_id; // 使用 on 子句指dept_id列是连接两个表的条件
+----------+-----------+----------------+
| fname    | lname     | name           |
+----------+-----------+----------------+
| Susan    | Hawthorne | Operations     |
| Helen    | Fleming   | Operations     |
| Chris    | Tucker    | Operations     |
| Sarah    | Parker    | Operations     |
| Jane     | Grossman  | Operations     |
| Paula    | Roberts   | Operations     |
| Thomas   | Ziegler   | Operations     |
| Samantha | Jameson   | Operations     |
| John     | Blake     | Operations     |
| Cindy    | Mason     | Operations     |
| Frank    | Portman   | Operations     |
| Theresa  | Markham   | Operations     |
| Beth     | Fowler    | Operations     |
| Rick     | Tulman    | Operations     |
| John     | Gooding   | Loans          |
| Michael  | Smith     | Administration |
| Susan    | Barker    | Administration |
| Robert   | Tyler     | Administration |
+----------+-----------+----------------+
18 rows in set (0.00 sec)

mysql> 

```

--

## 指定连接方式
> 连接方式决定了最终的结果集.

> **内连接**
> &nbsp;&nbsp;&nbsp;&nbsp;&nbsp;&nbsp;如果在一个employee表中的dept_id=4, 但是在department表中的dept_id没有等于4的数据行, 那么结果集中将会排除employee表中的dept_id=4的职员数据. 这种连接称为**内连接`inner join`**

>**外连接**
> &nbsp;&nbsp;&nbsp;&nbsp;&nbsp;&nbsp; 如果想要包含employee表中的所有行, 而不考虑每行是否在另一个表中存在匹配, 那么可以使用**外连接`outer join`**


> **默认是内连接方式**

<br>

向employee表中插入下面的一条数据.(原来的表中没有叫Tom的职员)

lname | fname | dept_id
------ | ----- |-------
Smith  | Tom  | 4

但是department表中没有dept_id=4的数据行.

--

### 内连接 `inner join`

> 使用内连接的方式, 结果集中不包括 `Tom` 数据行.

```c
mysql> select e.lname, e.fname, d.name
    -> from employee e inner join department d // innder join 使用内连接的方式, 省略 inner也可以.
    ->  on e.dept_id = d.dept_id;
+-----------+----------+----------------+
| lname     | fname    | name           |
+-----------+----------+----------------+
| Hawthorne | Susan    | Operations     |
| Fleming   | Helen    | Operations     |
| Tucker    | Chris    | Operations     |
| Parker    | Sarah    | Operations     |
| Grossman  | Jane     | Operations     |
| Roberts   | Paula    | Operations     |
| Ziegler   | Thomas   | Operations     |
| Jameson   | Samantha | Operations     |
| Blake     | John     | Operations     |
| Mason     | Cindy    | Operations     |
| Portman   | Frank    | Operations     |
| Markham   | Theresa  | Operations     |
| Fowler    | Beth     | Operations     |
| Tulman    | Rick     | Operations     |
| Gooding   | John     | Loans          |
| Smith     | Michael  | Administration |
| Barker    | Susan    | Administration |
| Tyler     | Robert   | Administration |
+-----------+----------+----------------+
18 rows in set (0.00 sec)

mysql> 
```
--

### 外连接`outer join`

#### 左外连接`left outer join`

> 关键词`left`指出连接左边的表决定**结果集的行数**, 而右边的表只负责提供与之匹配的的列值

查询所有客户id号和公司客户的公司名称.

```c
// customer表中一共有13条数据, 结果集中就有13条数据
// business表中的cust_id列的值和customer表中cust_id列的值相等, 就在name列中显示对应的公司名称, 否则为null
// 结果集中name列为null对应的cust_id是个人客户的id号
// 如果是内连接, 将只显示匹配连接条件的数据, name为null的数据都不会出现在结果集中. 
mysql> select c.cust_id, b.name
    -> from customer c left outer join business b
    ->  on c.cust_id = b.cust_id;
+---------+------------------------+
| cust_id | name                   |
+---------+------------------------+
|      10 | Chilton Engineering    |
|      11 | Northeast Cooling Inc. |
|      12 | Superior Auto Body     |
|      13 | AAA Insurance Inc.     |
|       1 | NULL                   |
|       2 | NULL                   |
|       3 | NULL                   |
|       4 | NULL                   |
|       5 | NULL                   |
|       6 | NULL                   |
|       7 | NULL                   |
|       8 | NULL                   |
|       9 | NULL                   |
+---------+------------------------+
13 rows in set (0.01 sec)

mysql> 

```
--

#### 右外连接 `right outer join`
> 右外连接和左外连接正好相反, 连接的右边的表决定了结果集的行数, 左边只负责提供与之匹配的列值.

```c
mysql> select c.cust_id, b.name
    -> from business b right outer join customer c // 使用右外连接, 但是两个表的位置也调换了, 所以还是以customer表的行数决定了结果集的行数.
    ->  on b.cust_id = c.cust_id;
+---------+------------------------+
| cust_id | name                   |
+---------+------------------------+
|      10 | Chilton Engineering    |
|      11 | Northeast Cooling Inc. |
|      12 | Superior Auto Body     |
|      13 | AAA Insurance Inc.     |
|       1 | NULL                   |
|       2 | NULL                   |
|       3 | NULL                   |
|       4 | NULL                   |
|       5 | NULL                   |
|       6 | NULL                   |
|       7 | NULL                   |
|       8 | NULL                   |
|       9 | NULL                   |
+---------+------------------------+
13 rows in set (0.00 sec)

mysql> 

```
--

#### 三路外连接

**需求** 
&nbsp;&nbsp;&nbsp;&nbsp;&nbsp;查询所有账户列表, 其中包括个人账户的姓名和企业账户的企业名称.

**分析**
&nbsp;&nbsp;&nbsp;&nbsp;&nbsp;个人账户的姓名存储在`individual`表中, 企业账户的企业名称存储在`business`表中. 如果想要这两种数据同时在一个结果集中, 那么需要通过`customer`表分别与`individual`表 和 `business`表连接. 而且需要使用**外连接**	  

```c
mysql> select a.account_id, a.product_cd,
    ->  concat(i.fname, ' ',i.lname) person_name,
    ->  b.name business_name 
    -> from account a left outer join individual i // 第1个左外连接
    ->  on a.cust_id = i.cust_id 
    ->  left outer join business b // 第2个左外连接
    ->  on a.cust_id = b.cust_id;
+------------+------------+-----------------+------------------------+
| account_id | product_cd | person_name     | business_name          |
+------------+------------+-----------------+------------------------+
|         24 | CHK        | NULL            | Chilton Engineering    |
|         25 | BUS        | NULL            | Chilton Engineering    |
|         27 | BUS        | NULL            | Northeast Cooling Inc. |
|         28 | CHK        | NULL            | Superior Auto Body     |
|         29 | SBL        | NULL            | AAA Insurance Inc.     |
|          1 | CHK        | James Hadley    | NULL                   |
|          2 | SAV        | James Hadley    | NULL                   |
|          3 | CD         | James Hadley    | NULL                   |
|          4 | CHK        | Susan Tingley   | NULL                   |
|          5 | SAV        | Susan Tingley   | NULL                   |
|          7 | CHK        | Frank Tucker    | NULL                   |
|          8 | MM         | Frank Tucker    | NULL                   |
|         10 | CHK        | John Hayward    | NULL                   |
|         11 | SAV        | John Hayward    | NULL                   |
|         12 | MM         | John Hayward    | NULL                   |
|         13 | CHK        | Charles Frasier | NULL                   |
|         14 | CHK        | John Spencer    | NULL                   |
|         15 | CD         | John Spencer    | NULL                   |
|         17 | CD         | Margaret Young  | NULL                   |
|         18 | CHK        | Louis Blake     | NULL                   |
|         19 | SAV        | Louis Blake     | NULL                   |
|         21 | CHK        | Richard Farley  | NULL                   |
|         22 | MM         | Richard Farley  | NULL                   |
|         23 | CD         | Richard Farley  | NULL                   |
+------------+------------+-----------------+------------------------+
24 rows in set (0.00 sec)

mysql> 

```

----

#### 自外连接

**需求** 
&nbsp;&nbsp;&nbsp;&nbsp;&nbsp;查询所有职员的姓名和他们主管的姓名.

**分析**
&nbsp;&nbsp;&nbsp;&nbsp;&nbsp; 在`employ`表中可以查询到所有职员的姓名, 还要根据`employ`表中的`superior_emp_id`列(主管id号) 和 `employ`表中的`emp_id`列(职员id号)相匹配, 才能找到职员主管的姓名. 如果职员没有主管, 也要显示他的姓名.
&nbsp;&nbsp;&nbsp;&nbsp;&nbsp; 通过以上分析, 发现employ表需要**自己连接自己**, 而且没有匹配值的情况下依然显示数据, 这需要**外连接**的方式实现	

```c

mysql> select concat(e.fname, ' ', e.lname) employee_name,
    ->  concat(m.fname, ' ', m.lname) manager_name
    -> from employee e left outer join employee m // 虽然是同一个表, 但由于是自连接, 所以用不同的别名进行区分
    // 使用左外连接
    ->  on e.superior_emp_id = m.emp_id;
+------------------+-----------------+
| employee_name    | manager_name    |
+------------------+-----------------+
| Michael Smith    | NULL            |
| Susan Barker     | Michael Smith   |
| Robert Tyler     | Michael Smith   |
| Susan Hawthorne  | Robert Tyler    |
| John Gooding     | Susan Hawthorne |
| Helen Fleming    | Susan Hawthorne |
| Chris Tucker     | Helen Fleming   |
| Sarah Parker     | Helen Fleming   |
| Jane Grossman    | Helen Fleming   |
| Paula Roberts    | Susan Hawthorne |
| Thomas Ziegler   | Paula Roberts   |
| Samantha Jameson | Paula Roberts   |
| John Blake       | Susan Hawthorne |
| Cindy Mason      | John Blake      |
| Frank Portman    | John Blake      |
| Theresa Markham  | Susan Hawthorne |
| Beth Fowler      | Theresa Markham |
| Rick Tulman      | Theresa Markham |
| Tom Smith        | NULL            |
+------------------+-----------------+
19 rows in set (0.00 sec)

mysql>


```

**注意:**
	在使用外连接时要确定到底使用左外连接还是右外连接.
	
----
	
### 交叉连接 `cross join`

> **交叉连接**指的是在不指定任何连接条件的情况下多表连接产生了**笛卡尔积**结果的连接方式
> 并不经常使用. 一般在查询发生意外时会出现笛卡尔积的结果. 
> 也有非常适合交叉连接的情况.	
	


### 自然连接 `natural join`

> 不指定连接条件, DBMS会自动根据**相同列名**来推断正确的连接条件. 这种连接方式称为**自然连接**

> 如果没有相同列名, 那么DBMS将会使用交叉连接(毕竟没有指定连接条件嘛).

> 仅仅为了省点事而不输入连接条件, 那么是不建议使用自然连接的. 因为这样可能会造成更大的麻烦.


**需求**
&nbsp;&nbsp;&nbsp;&nbsp;&nbsp; 查询关于产品的信息, 包括产品的id, 购买产品账户的id, 账户类型 和 账户的唯一标识.

```c
mysql> select a.account_id, a.cust_id, c.cust_type_cd, c.fed_id 
    -> from account a natural join customer c; 
    // 没有指定连接条件, 由于指定了自然连接, DBMS根据相同的cust_id列指定了连接条件.
+------------+---------+--------------+-------------+
| account_id | cust_id | cust_type_cd | fed_id      |
+------------+---------+--------------+-------------+
|          1 |       1 | I            | 111-11-1111 |
|          2 |       1 | I            | 111-11-1111 |
|          3 |       1 | I            | 111-11-1111 |
|          4 |       2 | I            | 222-22-2222 |
|          5 |       2 | I            | 222-22-2222 |
|          7 |       3 | I            | 333-33-3333 |
|          8 |       3 | I            | 333-33-3333 |
|         10 |       4 | I            | 444-44-4444 |
|         11 |       4 | I            | 444-44-4444 |
|         12 |       4 | I            | 444-44-4444 |
|         13 |       5 | I            | 555-55-5555 |
|         14 |       6 | I            | 666-66-6666 |
|         15 |       6 | I            | 666-66-6666 |
|         17 |       7 | I            | 777-77-7777 |
|         18 |       8 | I            | 888-88-8888 |
|         19 |       8 | I            | 888-88-8888 |
|         21 |       9 | I            | 999-99-9999 |
|         22 |       9 | I            | 999-99-9999 |
|         23 |       9 | I            | 999-99-9999 |
|         24 |      10 | B            | 04-1111111  |
|         25 |      10 | B            | 04-1111111  |
|         27 |      11 | B            | 04-2222222  |
|         28 |      12 | B            | 04-3333333  |
|         29 |      13 | B            | 04-4444444  |
+------------+---------+--------------+-------------+
24 rows in set (0.01 sec)



```

















